student,answer,output,planning time,execution time
A0041688X,"SELECT 
  pay.empid, per.lname 
FROM 
  payroll pay, employee per 
WHERE per.empid IN (
	SELECT per1.empid 
    FROM employee per1 
    WHERE pay.empid = per.empid 
    AND per.empid <> ANY(
		SELECT per2.empid 
        FROM employee per2 
        WHERE per1.empid NOT IN (
			SELECT pay2.empid 
            FROM payroll pay2 
            WHERE NOT (pay.salary = 189170)))) 
ORDER by per.empid, per.lname;",,TIMEOUT,TIMEOUT
A0047158B,"SELECT per.empid, per.lname
FROM employee per
WHERE NOT EXISTS (
    SELECT *
	FROM employee per1
	LEFT OUTER JOIN (
		SELECT * 
		FROM payroll pay
		WHERE NOT EXISTS (
			SELECT * 
			FROM payroll pay1
			WHERE NOT EXISTS (
				SELECT * 
				FROM payroll pay2 
				WHERE NOT EXISTS (
					SELECT * 
					FROM payroll pay3 
					WHERE pay3.salary <= 189170
					AND pay3.empid = pay2.empid)
				AND pay1.empid = pay2.empid)
			AND NOT EXISTS (
				SELECT * 
				FROM payroll pay4 
				WHERE NOT EXISTS (
					SELECT * 
					FROM payroll pay5 
					WHERE pay5.salary >= 189170
					AND pay5.empid = pay4.empid)
				AND pay1.empid = pay4.empid)
			AND pay1.empid = pay.empid))AS temp ON temp.empid = per1.empid
	WHERE temp.salary IN (
		SELECT temp2.salary 
		FROM (
			SELECT * 
			FROM payroll pay6
			WHERE NOT EXISTS (
				SELECT * 
				FROM payroll pay7
				WHERE NOT EXISTS (
					SELECT * 
					FROM payroll pay8 
					WHERE NOT EXISTS (
						SELECT * 
						FROM payroll pay9 
						WHERE pay9.salary <= 189170
						AND pay9.empid = pay8.empid)
					AND pay7.empid = pay8.empid)
				AND NOT EXISTS (
					SELECT * 
					FROM payroll pay10 
					WHERE NOT EXISTS (
						SELECT * 
						FROM payroll pay11 
						WHERE pay11.salary >= 189170
						AND pay11.empid = pay10.empid)
					AND pay7.empid = pay10.empid)
				AND pay7.empid = pay6.empid))AS temp2)
	AND per1.empid = temp.empid
	AND per.empid = per1.empid)
ORDER BY per.empid, per.lname;","[[(' 02883   ', 'YFXUNCRKRJRKCRJ'), (' 03315   ', 'LTQIQGUWBHRMDPN'), (' 04572   ', 'AIBRIQSFSKFFTUT'), (' 07328   ', 'WWVELFSBRXMORNH')]]",3.27 , 40.51
A0057228A,"SELECT per1.empid, per1.lname	
FROM employee per1 LEFT OUTER JOIN payroll pay1 ON per1.empid = pay1.empid
WHERE pay1.salary <= 189170 AND NOT EXISTS 
	(SELECT * 
	 FROM employee per2 LEFT OUTER JOIN payroll pay2 ON per2.empid = pay2.empid
		WHERE (pay2.salary > pay1.salary) AND (pay2.salary <= 189170))
	AND EXISTS (SELECT * 
		    FROM payroll pay3 
		    WHERE (pay3.salary = 189170)
ORDER by pay1.salary DESC, per1.empid);","[[(' 02883   ', 'YFXUNCRKRJRKCRJ'), (' 03315   ', 'LTQIQGUWBHRMDPN'), (' 04572   ', 'AIBRIQSFSKFFTUT'), (' 07328   ', 'WWVELFSBRXMORNH')]]",2.24 , 22.22
A0060127U,"SELECT per.empid, per.lname
FROM employee AS per, payroll AS pay
WHERE pay.salary = 189170
AND per.empid=pay.empid
AND per.empid <> ALL (SELECT per1.empid
				 FROM payroll as pay1,  employee AS per1
				 WHERE per1.empid=pay1.empid
				 AND pay1.salary <> 189170)
	AND per.empid = ANY (SELECT per2.empid
				FROM payroll as pay2,  employee AS per2
				WHERE per2.empid=pay2.empid
				AND pay2.salary = 189170)
GROUP BY per.empid, per.lname
ORDER BY per.empid, per.lname;","[[(' 02883   ', 'YFXUNCRKRJRKCRJ'), (' 03315   ', 'LTQIQGUWBHRMDPN'), (' 04572   ', 'AIBRIQSFSKFFTUT'), (' 07328   ', 'WWVELFSBRXMORNH')]]",2.35 , 24502.67
A0080400B,"SELECT per.empid, per.lname
FROM employee per
WHERE (per.empid, per.lname) <> ALL (
 					SELECT pay.empid, per2.lname
	 				FROM payroll pay, employee per2
	 				WHERE pay.empid = per2.empid
						AND pay.salary <> 189170
 )
ORDER BY per.empid, per.lname;","[[(' 02883   ', 'YFXUNCRKRJRKCRJ'), (' 03315   ', 'LTQIQGUWBHRMDPN'), (' 04572   ', 'AIBRIQSFSKFFTUT'), (' 07328   ', 'WWVELFSBRXMORNH')]]",1.84 , 6387.93
A0086956J,"SELECT per.empid, per.lname
	FROM employee per
	WHERE per.empid NOT IN(
		SELECT per.empid
		FROM payroll pay
 		WHERE per.empid=pay.empid AND pay.salary NOT IN(
			SELECT pay2.salary
			FROM payroll pay2
			WHERE pay2.salary=189170))
	ORDER BY per.empid, per.lname;","[[(' 02883   ', 'YFXUNCRKRJRKCRJ'), (' 03315   ', 'LTQIQGUWBHRMDPN'), (' 04572   ', 'AIBRIQSFSKFFTUT'), (' 07328   ', 'WWVELFSBRXMORNH')]]",1.96 , 7103.56
A0090966R,"SELECT DISTINCT a.empid, a.lname FROM
(SELECT * FROM employee) a 
INNER JOIN
(SELECT DISTINCT y.empid, y.salary, x.lname
FROM employee x
CROSS JOIN payroll y) b 
ON (a.empid = b.empid AND a.lname = b.lname)
WHERE b.salary = 189170
ORDER BY a.empid, a.lname;","[[(' 02883   ', 'YFXUNCRKRJRKCRJ'), (' 03315   ', 'LTQIQGUWBHRMDPN'), (' 04572   ', 'AIBRIQSFSKFFTUT'), (' 07328   ', 'WWVELFSBRXMORNH')]]",2.03 , 40.17
A0093740E,"SELECT per.empid, per.lname
FROM employee per
WHERE
(SELECT salary FROM payroll pay WHERE pay.empid = per.empid) = 189170
ORDER BY per.empid, per.lname;","[[(' 02883   ', 'YFXUNCRKRJRKCRJ'), (' 03315   ', 'LTQIQGUWBHRMDPN'), (' 04572   ', 'AIBRIQSFSKFFTUT'), (' 07328   ', 'WWVELFSBRXMORNH')]]",1.71 , 7750.09
A0105567A,"SELECT per.empid, per.lname
FROM employee per
WHERE NOT EXISTS (
    SELECT 1 
	FROM payroll pay
	WHERE per.empid = pay.empid 
	AND pay.empid NOT IN (
		SELECT per2.empid
		FROM payroll pay2 full outer join employee per2
		ON pay2.empid = per2.empid
		WHERE pay2.salary > 189169 AND pay2.salary <189171))
ORDER BY per.empid, per.lname;","[[(' 02883   ', 'YFXUNCRKRJRKCRJ'), (' 03315   ', 'LTQIQGUWBHRMDPN'), (' 04572   ', 'AIBRIQSFSKFFTUT'), (' 07328   ', 'WWVELFSBRXMORNH')]]",2.10 , 11.89
A0111496H,"SELECT per.empid, per.lname
FROM employee per, payroll pay
WHERE ABS(pay.salary - 189170) <= ANY (SELECT -ABS(pay1.salary - 189170) AS p1
									   FROM payroll pay1)
AND per.empid = pay.empid
ORDER BY per.empid, per.lname;","[[(' 02883   ', 'YFXUNCRKRJRKCRJ'), (' 03315   ', 'LTQIQGUWBHRMDPN'), (' 04572   ', 'AIBRIQSFSKFFTUT'), (' 07328   ', 'WWVELFSBRXMORNH')]]",2.07 , 10175.91
A0113028W,"SELECT per.empid, per.lname
FROM employee per
WHERE NOT EXISTS (
	SELECT *
	FROM payroll pay
	WHERE pay.empid = per.empid
	AND pay.salary < 189169
	UNION
	SELECT *
	FROM payroll pay
	WHERE pay.empid = per.empid
	AND pay.salary > 189171)
ORDER BY per.empid, per.lname;","[[(' 02883   ', 'YFXUNCRKRJRKCRJ'), (' 03315   ', 'LTQIQGUWBHRMDPN'), (' 04572   ', 'AIBRIQSFSKFFTUT'), (' 07328   ', 'WWVELFSBRXMORNH')]]",2.50 , 16738.38
A0113951L,"SELECT per.empid, per.lname
FROM employee per
WHERE NOT EXISTS (
    SELECT pay.empid
	from payroll pay, payroll pay2
	where (pay.salary > 189170 or pay2.salary < 189170)
	and pay.empid = pay2.empid
	and pay.empid = per.empid)
ORDER BY per.empid, per.lname;","[[(' 02883   ', 'YFXUNCRKRJRKCRJ'), (' 03315   ', 'LTQIQGUWBHRMDPN'), (' 04572   ', 'AIBRIQSFSKFFTUT'), (' 07328   ', 'WWVELFSBRXMORNH')]]",2.02 , 9.70
A0119430N,"SELECT temp.id, temp.lname
FROM(
	SELECT per.empid AS id, per.lname, pay.empid, pay.salary
	FROM employee per, payroll pay
	EXCEPT
	SELECT per.empid AS id, per.lname, pay.empid, pay.salary
	FROM employee per, payroll pay
	WHERE per.empid <> pay.empid
	OR pay.salary <> 189170) AS temp
ORDER BY temp.id, temp.lname;",,TIMEOUT,TIMEOUT
A0119542H,"SELECT per.empid, per.lname
FROM employee per
WHERE per.empid NOT IN (
    SELECT pay.empid 
 	FROM payroll pay
	WHERE NOT EXISTS (
		SELECT *
		FROM payroll pay
		WHERE pay.salary = 189170
		AND per.empid = pay.empid))
ORDER BY per.empid, per.lname;","[[(' 02883   ', 'YFXUNCRKRJRKCRJ'), (' 03315   ', 'LTQIQGUWBHRMDPN'), (' 04572   ', 'AIBRIQSFSKFFTUT'), (' 07328   ', 'WWVELFSBRXMORNH')]]",1.94 , 16001.69
A0124216U,"SELECT distinct per.empid, per.lname
FROM employee per, payroll pay
where pay.empid not in (
	select per2.empid
	from employee per2
	where per2.empid<>pay.empid
	or not ((pay.salary > ALL(
		select pay3.salary
		from payroll pay3
		where pay3.salary < 189170))
	and (pay.salary < ALL(
		select pay3.salary
		from payroll pay3
		where pay3.salary > 189170))
	)
)
and per.empid not in (
	select pay2.empid
	from payroll pay2
	where pay2.empid<>per.empid
	or (pay2.empid=per.empid 
	and not ((pay2.salary > ALL(
		select pay3.salary
		from payroll pay3
		where pay3.salary < 189170))
	and (pay2.salary < ALL(
		select pay3.salary
		from payroll pay3
		where pay3.salary > 189170))
	))
)
order by per.empid, per.lname;","[[(' 02883   ', 'YFXUNCRKRJRKCRJ'), (' 03315   ', 'LTQIQGUWBHRMDPN'), (' 04572   ', 'AIBRIQSFSKFFTUT'), (' 07328   ', 'WWVELFSBRXMORNH')]]",2.10 , 23493.23
A0124294H,"SELECT per.empid, per.lname FROM employee per,
(SELECT * FROM employee emp
WHERE emp.empid IN
(SELECT emp1.empid FROM employee emp1, payroll pay1
WHERE emp1.empid = pay1.empid and
pay1.salary IN
(SELECT pay2.salary FROM 
(select pay.empid as pay_empid,pay.bonus,pay.salary,emp.empid as emp_empid,emp.lname,
emp.fname,emp.address,emp.city,emp.state,emp.zip from payroll pay,employee emp) pay2 
WHERE  pay1.empid = pay2.pay_empid AND emp.empid = pay2.pay_empid AND pay2.salary = 189170 AND pay2.pay_empid = pay2.emp_empid))) filtered 
where filtered.empid = per.empid  
ORDER BY per.empid , per.lname;","[[(' 02883   ', 'YFXUNCRKRJRKCRJ'), (' 03315   ', 'LTQIQGUWBHRMDPN'), (' 04572   ', 'AIBRIQSFSKFFTUT'), (' 07328   ', 'WWVELFSBRXMORNH')]]",2.10 , 244981.66
A0125002E,"SELECT 
  per.empid, 
  per.lname 
FROM 
  employee per 
WHERE 
  per.empid NOT IN (
    SELECT 
      pay.empid 
    FROM 
      payroll pay 
    WHERE 
      salary <> 189170 
      AND per.empid = pay.empid
  ) 
ORDER BY 
  per.empid, 
  per.lname;","[[(' 02883   ', 'YFXUNCRKRJRKCRJ'), (' 03315   ', 'LTQIQGUWBHRMDPN'), (' 04572   ', 'AIBRIQSFSKFFTUT'), (' 07328   ', 'WWVELFSBRXMORNH')]]",2.01 , 5816.62
A0142279B,"SELECT e.empid, e.lname FROM employee e
WHERE e.empid IN
(SELECT e1.empid FROM employee e1, payroll p1
WHERE p1.empid = e1.empid AND
p1.salary NOT IN
(SELECT p2.salary FROM payroll p2
WHERE p2.salary > 189170 AND p2.empid = p1.empid AND p2.empid = e.empid))
AND e.empid IN
(SELECT e2.empid FROM employee e2, payroll p3
WHERE p3.empid = e2.empid AND
p3.salary NOT IN
(SELECT p4.salary FROM payroll p4
WHERE p4.salary < 189170 AND p4.empid = p3.empid AND p4.empid = e.empid));","[[(' 02883   ', 'YFXUNCRKRJRKCRJ'), (' 03315   ', 'LTQIQGUWBHRMDPN'), (' 04572   ', 'AIBRIQSFSKFFTUT'), (' 07328   ', 'WWVELFSBRXMORNH')]]",2.35 , 309997.46
A0150032A,"SELECT per.empid, per.lname
FROM employee per
WHERE  per.empid NOT IN(
SELECT pay.empid
FROM payroll pay
WHERE pay.salary <> 189170
AND per.empid = pay.empid
)
ORDER BY per.empid , per.lname;","[[(' 02883   ', 'YFXUNCRKRJRKCRJ'), (' 03315   ', 'LTQIQGUWBHRMDPN'), (' 04572   ', 'AIBRIQSFSKFFTUT'), (' 07328   ', 'WWVELFSBRXMORNH')]]",2.50 , 4989.46
A0150639A,"SELECT per2.empid,per2.lname
FROM employee per2
WHERE per2.empid <> ALL (
	SELECT per.empid
	FROM employee per
	WHERE per.empid <> ALL (
		SELECT pay.empid
		FROM payroll pay
		WHERE pay.salary = 189170))
ORDER BY per2.empid, per2.lname;","[[(' 02883   ', 'YFXUNCRKRJRKCRJ'), (' 03315   ', 'LTQIQGUWBHRMDPN'), (' 04572   ', 'AIBRIQSFSKFFTUT'), (' 07328   ', 'WWVELFSBRXMORNH')]]",1.80 , 5196.64
A0165086Y,"SELECT SNAIL.emp_id, SNAIL.lname
FROM (SELECT * FROM (SELECT per.empid emp_id, per.lname FROM employee per) slow2 
FULL OUTER JOIN
(SELECT pay.empid pay_id, pay.salary FROM payroll pay) slow3
ON slow2.emp_id = slow3.pay_id) SNAIL
WHERE SNAIL.salary NOT IN( SELECT payroll.salary FROM payroll WHERE payroll.salary <> 189170)
ORDER BY SNAIL.emp_id, SNAIL.lname;","[[(' 02883   ', 'YFXUNCRKRJRKCRJ'), (' 03315   ', 'LTQIQGUWBHRMDPN'), (' 04572   ', 'AIBRIQSFSKFFTUT'), (' 07328   ', 'WWVELFSBRXMORNH')]]",1.89 , 8.65
A0177964J,"SELECT per.empid, per.lname
FROM employee per LEFT OUTER JOIN payroll pay 
ON per.empid = pay.empid
WHERE pay.empid NOT IN (
		SELECT pay1.empid
		FROM payroll pay1
		WHERE pay1.salary <> 189170)
GROUP BY per.empid, per.lname
ORDER BY per.empid, per.lname;","[[(' 02883   ', 'YFXUNCRKRJRKCRJ'), (' 03315   ', 'LTQIQGUWBHRMDPN'), (' 04572   ', 'AIBRIQSFSKFFTUT'), (' 07328   ', 'WWVELFSBRXMORNH')]]",1.89 , 9.29
A0179033E (LATE),"SELECT DISTINCT joined.empid, joined.lname FROM
(SELECT pay.empid, per.lname, pay.salary,
CASE
	WHEN NOT EXISTS(SELECT * FROM employee e, payroll p WHERE p.salary <> 189170 AND pay.salary = p.salary) AND (pay.empid,per.lname) IN (SELECT per2.empid,per2.lname AS lookup FROM employee per2) THEN 1 
	ELSE 0 
END AS flag, per.empid AS empid2
FROM employee per, payroll pay
ORDER BY flag DESC, pay.empid) AS joined
WHERE joined.flag = 1
ORDER BY joined.empid;",,TIMEOUT,TIMEOUT
A0212524U,"SELECT per.empid, per.lname
FROM employee per
WHERE per.empid <> ALL (
    SELECT pay.empid
    FROM payroll pay
    WHERE pay.empid <> ALL(
        SELECT per1.empid
        FROM employee per1, payroll pay1
        WHERE per1.empid = pay1.empid 
		  AND pay1.salary IS NOT NULL)
	OR pay.salary <> 189170)
ORDER BY per.empid, per.lname;","[[(' 02883   ', 'YFXUNCRKRJRKCRJ'), (' 03315   ', 'LTQIQGUWBHRMDPN'), (' 04572   ', 'AIBRIQSFSKFFTUT'), (' 07328   ', 'WWVELFSBRXMORNH')]]",1.96 , 10919.61
A0218816Y,"SELECT per.empid, per.lname
FROM employee per
WHERE (per.empid, per.lname) NOT IN (
	SELECT per.empid, per.lname
	FROM employee per, payroll pay
	WHERE per.empid = pay.empid
	AND pay.salary = (
		SELECT pay2.salary
		FROM payroll pay2
		WHERE pay2.salary > 189170
		AND pay2.empid = pay.empid))
AND (per.empid, per.lname) NOT IN (
	SELECT per.empid, per.lname
	FROM employee per, payroll pay
	WHERE per.empid = pay.empid
	AND pay.salary = (
		SELECT pay2.salary
		FROM payroll pay2
		WHERE pay2.salary < 189170
		AND pay2.empid = pay.empid));","[[(' 02883   ', 'YFXUNCRKRJRKCRJ'), (' 03315   ', 'LTQIQGUWBHRMDPN'), (' 04572   ', 'AIBRIQSFSKFFTUT'), (' 07328   ', 'WWVELFSBRXMORNH')]]",2.17 , 29444.52
A0218820J,"SELECT per.empid, per.lname
FROM employee per
WHERE EXISTS (
    SELECT   *
	FROM payroll pay  
    WHERE per.empid=pay.empid
	EXCEPT
	SELECT   *
    FROM payroll pay
    WHERE 189170<>ALL(SELECT pay.salary FROM payroll pay2)
    AND per.empid=pay.empid)
ORDER BY per.empid, per.lname;","[[(' 02883   ', 'YFXUNCRKRJRKCRJ'), (' 03315   ', 'LTQIQGUWBHRMDPN'), (' 04572   ', 'AIBRIQSFSKFFTUT'), (' 07328   ', 'WWVELFSBRXMORNH')]]",1.72 , 31003.19
A0218840E,"SELECT DISTINCT per.empid, per.lname
FROM employee per, payroll pay 
WHERE NOT EXISTS (
    SELECT pay.empid, pay.bonus, pay.salary
	FROM payroll pay, employee per2
	GROUP BY pay.empid, pay.bonus, pay.salary
	HAVING pay.salary <> 189170
	AND pay.empid = per.empid)
AND pay.empid = per.empid
ORDER BY per.empid, per.lname;","[[(' 02883   ', 'YFXUNCRKRJRKCRJ'), (' 03315   ', 'LTQIQGUWBHRMDPN'), (' 04572   ', 'AIBRIQSFSKFFTUT'), (' 07328   ', 'WWVELFSBRXMORNH')]]",2.14 , 45739.54
A0218849M,"SELECT per.empid, per.lname
FROM employee per LEFT OUTER JOIN (
SELECT *               
FROM payroll pay
WHERE pay.salary != 189170
	) AS paynot ON per.empid = paynot.empid
WHERE paynot.empid ISNULL;","[[(' 02883   ', 'YFXUNCRKRJRKCRJ'), (' 03315   ', 'LTQIQGUWBHRMDPN'), (' 04572   ', 'AIBRIQSFSKFFTUT'), (' 07328   ', 'WWVELFSBRXMORNH')]]",2.03 , 5.27
A0218855U,"SELECT per.empid , per.lname
FROM employee per
WHERE NOT EXISTS (
SELECT * FROM payroll pay WHERE pay.salary > 189170 AND per.empid = pay.empid
UNION
SELECT * FROM payroll pay WHERE pay.salary < 189170 AND per.empid = pay.empid)
ORDER BY per.empid , per.lname;","[[(' 02883   ', 'YFXUNCRKRJRKCRJ'), (' 03315   ', 'LTQIQGUWBHRMDPN'), (' 04572   ', 'AIBRIQSFSKFFTUT'), (' 07328   ', 'WWVELFSBRXMORNH')]]",2.05 , 16880.28
A0218865R,"SELECT per.empid, per.lname FROM employee per
WHERE per.empid IN (SELECT per_empid from 
(
SELECT per2.empid as per_empid, pay.empid as pay_empid FROM employee per2, payroll pay
WHERE pay.salary not IN
(SELECT pay2.salary FROM payroll pay2
WHERE pay2.salary != 189170 
 AND EXISTS (select distinct e.empid from employee e where e.empid = pay2.empid)
 AND pay2.empid = pay.empid 
 AND pay2.empid = per.empid)
) temp WHERE per_empid = pay_empid);","[[(' 02883   ', 'YFXUNCRKRJRKCRJ'), (' 03315   ', 'LTQIQGUWBHRMDPN'), (' 04572   ', 'AIBRIQSFSKFFTUT'), (' 07328   ', 'WWVELFSBRXMORNH')]]",1.92 , 284521.00
A0218871X,"SELECT a.empid, a.lname
FROM
(SELECT per.empid, per.lname
FROM employee per
WHERE per.empid
NOT IN (
SELECT per.empid
FROM  payroll pay
WHERE per.empid = pay.empid
AND (pay.salary > 189170)
AND  per.empid IS NOT NULL) ) AS a JOIN
(SELECT per.empid, per.lname
FROM employee per
WHERE per.empid
NOT IN (
SELECT per.empid
FROM  payroll pay
WHERE per.empid = pay.empid
AND (pay.salary < 189170)
AND  per.empid IS NOT NULL)) AS b
ON a.empid = b.empid
ORDER BY a.empid, a.lname;","[[(' 02883   ', 'YFXUNCRKRJRKCRJ'), (' 03315   ', 'LTQIQGUWBHRMDPN'), (' 04572   ', 'AIBRIQSFSKFFTUT'), (' 07328   ', 'WWVELFSBRXMORNH')]]",2.02 , 13094.27
A0218875N,"WITH S1 AS 
(SELECT per.empid, per.lname
FROM employee per, payroll pay
WHERE per.empid = pay.empid 
EXCEPT 
SELECT pay.empid, per.lname
FROM employee per, payroll pay
WHERE pay.salary != 189170) 
SELECT *
FROM S1
ORDER BY S1.empid, S1.lname;","[[(' 02883   ', 'YFXUNCRKRJRKCRJ'), (' 03315   ', 'LTQIQGUWBHRMDPN'), (' 04572   ', 'AIBRIQSFSKFFTUT'), (' 07328   ', 'WWVELFSBRXMORNH')]]",1.96 , 30728.28
A0218877L,"SELECT per.empid, per.lname
FROM employee per
WHERE NOT EXISTS(
	SELECT * FROM employee per1, payroll pay
	WHERE per.empid = pay.empid
	AND per.empid = per1.empid
	AND pay.salary <> 189170)
ORDER BY per.empid, per.lname;",,TIMEOUT,TIMEOUT
A0218897H,"SELECT distinct per.empid, per.lname
FROM employee per, payroll
WHERE per.empid not in (
    SELECT emp.empid from payroll p join employee emp 
	on p.empid = emp.empid
	where p.salary <> 189170)
and payroll.salary = 189170
ORDER BY per.empid, per.lname;","[[(' 02883   ', 'YFXUNCRKRJRKCRJ'), (' 03315   ', 'LTQIQGUWBHRMDPN'), (' 04572   ', 'AIBRIQSFSKFFTUT'), (' 07328   ', 'WWVELFSBRXMORNH')]]",1.95 , 10.87
A0218915Y,"'SELECT per.empid, per.lname
			FROM employee per
			WHERE(SELECT COUNT(pay.salary) 
				  FROM payroll pay LEFT OUTER JOIN employee ON per.empid = pay.empid
				  WHERE per.empid IS NOT NULL AND pay.salary = 189170) > 0	
			ORDER BY per.empid, per.lname;",,TIMEOUT,TIMEOUT
A0218923B,"SELECT per.empid, per.lname FROM employee per 
WHERE per.empid NOT IN(
  SELECT pay.empid 
  FROM payroll pay 
  WHERE per.empid = pay.empid AND pay.salary > 189170)
AND 
  per.empid NOT IN(
    SELECT pay.empid
    FROM payroll pay 
    WHERE per.empid = pay.empid AND pay.salary < 189170 
  );","[[(' 02883   ', 'YFXUNCRKRJRKCRJ'), (' 03315   ', 'LTQIQGUWBHRMDPN'), (' 04572   ', 'AIBRIQSFSKFFTUT'), (' 07328   ', 'WWVELFSBRXMORNH')]]",2.23 , 10998.95
A0218929N,"SELECT per.empid, per.lname
FROM employee per
WHERE per.empid NOT IN
		((SELECT pay1.empid
		FROM payroll pay1
		WHERE pay1.salary IN
			(SELECT pay5.salary
			 FROM payroll pay5
			 WHERE pay5.salary - 189170 > 0 
			 AND per.empid = pay5.empid
			 AND pay1.empid = pay5.empid)
		EXCEPT
		SELECT pay2.empid
		FROM payroll pay2
		WHERE pay2.salary IN
			(SELECT pay6.salary
			FROM payroll pay6
			WHERE pay6.salary - 189170 < 0
			AND per.empid = pay6.empid
			AND pay2.empid = pay6.empid))
		UNION
		(SELECT pay3.empid
		FROM payroll pay3
		WHERE pay3.salary IN
		  	(SELECT pay7.salary
			FROM payroll pay7
			WHERE pay7.salary - 189170 < 0
			AND per.empid = pay7.empid
			AND pay3.empid = pay7.empid)
		 EXCEPT
		 SELECT pay4.empid
		 FROM payroll pay4
		 WHERE pay4.salary IN
		 	(SELECT pay8.salary
			FROM payroll pay8
			WHERE pay8.salary - 189170 > 0
			AND per.empid = pay8.empid
			AND pay4.empid = pay8.empid)))
ORDER BY per.empid, per.lname;","[[(' 02883   ', 'YFXUNCRKRJRKCRJ'), (' 03315   ', 'LTQIQGUWBHRMDPN'), (' 04572   ', 'AIBRIQSFSKFFTUT'), (' 07328   ', 'WWVELFSBRXMORNH')]]",2.31 , 130504.54
A0218930E,"SELECT per.empid, per.lname
FROM employee per
WHERE NOT EXISTS (
		SELECT *
		FROM payroll pay
		WHERE per.empid = pay.empid AND pay.salary < 189170
		)
AND NOT EXISTS (
		SELECT *
		FROM payroll pay
		WHERE per.empid = pay.empid AND pay.salary > 189170
)
ORDER BY per.empid, per.lname;","[[(' 02883   ', 'YFXUNCRKRJRKCRJ'), (' 03315   ', 'LTQIQGUWBHRMDPN'), (' 04572   ', 'AIBRIQSFSKFFTUT'), (' 07328   ', 'WWVELFSBRXMORNH')]]",1.96 , 6.02
A0218942Y,"SELECT per.empid, per.lname
FROM employee per
JOIN (
	SELECT empid FROM payroll pay WHERE salary = 189170
) AS s
ON s.empid = per.empid
ORDER BY per.empid, per.lname;","[[(' 02883   ', 'YFXUNCRKRJRKCRJ'), (' 03315   ', 'LTQIQGUWBHRMDPN'), (' 04572   ', 'AIBRIQSFSKFFTUT'), (' 07328   ', 'WWVELFSBRXMORNH')]]",3.83 , 2.67
A0218949L,"SELECT per.empid, per.lname
FROM employee per
WHERE per.empid IN (
	SELECT emp.empid
	FROM employee emp, payroll pay
	WHERE emp.empid = pay.empid
	AND pay.salary IN (
		SELECT pay2.salary
		FROM payroll pay2
		WHERE per.empid = pay2.empid
		AND pay.empid = pay2.empid
		AND pay2.salary > 189169
		AND pay2.salary <= ANY (
			SELECT pay3.salary 
			FROM payroll pay3
			WHERE per.empid = pay3.empid
			AND pay.empid = pay3.empid
			AND pay2.empid = pay3.empid
			AND pay3.salary < 189171)
	)
);","[[(' 02883   ', 'YFXUNCRKRJRKCRJ'), (' 03315   ', 'LTQIQGUWBHRMDPN'), (' 04572   ', 'AIBRIQSFSKFFTUT'), (' 07328   ', 'WWVELFSBRXMORNH')]]",2.36 , 49938.72
A0218954U,"SELECT per.empid, per.lname
FROM employee per
WHERE (per.empid, per.lname) IN 
(SELECT per1.empid, per1.lname 
 FROM employee per1, payroll pay
 WHERE per1.empid=pay.empid  AND pay.salary NOT IN 
(SELECT pay1.salary FROM payroll pay1
 WHERE pay1.empid=pay.empid AND pay1.empid=per1.empid AND pay1.empid=per.empid AND pay1.salary<>189170))
ORDER BY per.empid, per.lname ;","[[(' 02883   ', 'YFXUNCRKRJRKCRJ'), (' 03315   ', 'LTQIQGUWBHRMDPN'), (' 04572   ', 'AIBRIQSFSKFFTUT'), (' 07328   ', 'WWVELFSBRXMORNH')]]",2.49 , 286098.05
A0218968J,"CREATE OR REPLACE FUNCTION find_emp()
RETURNS TABLE(
	empid char(9),
	lname char(15))
AS $$
DECLARE
	pay RECORD;
	emp RECORD;
BEGIN
	FOR emp in EXECUTE 'SELECT * FROM employee' LOOP
		FOR pay in EXECUTE 'SELECT * FROM payroll' LOOP
			IF emp.empid = pay.empid THEN
				IF pay.salary = 189170 THEN
					empid := emp.empid;
					lname := emp.lname;
					RETURN NEXT;
				END IF;
			END IF;
		END LOOP;
	END LOOP;
END;
$$ LANGUAGE plpgsql;
SELECT * 
FROM find_emp() AS r
ORDER BY r.empid , r.lname; ","[[(' 02883   ', 'YFXUNCRKRJRKCRJ'), (' 03315   ', 'LTQIQGUWBHRMDPN'), (' 04572   ', 'AIBRIQSFSKFFTUT'), (' 07328   ', 'WWVELFSBRXMORNH')]]",0.02, 19287.56
A0231847B,"SELECT per.empid, per.lname 
FROM employee per 
WHERE per.empid IN (
	SELECT pay.empid FROM payroll pay WHERE pay.salary > ALL (SELECT pay1.salary FROM payroll pay1 WHERE pay1.salary < 189170)
	INTERSECT
	SELECT pay.empid FROM payroll pay WHERE pay.salary < ALL (SELECT pay2.salary FROM payroll pay2 WHERE pay2.salary > 189170))
ORDER BY per.empid, per.lname;","[[(' 02883   ', 'YFXUNCRKRJRKCRJ'), (' 03315   ', 'LTQIQGUWBHRMDPN'), (' 04572   ', 'AIBRIQSFSKFFTUT'), (' 07328   ', 'WWVELFSBRXMORNH')]]",2.15 , 1628.79
A0231849X,"SELECT per.empid,per.lname FROM employee per
WHERE NOT EXISTS (SELECT empid from payroll where payroll.salary>189171 and per.empid=payroll.empid)
intersect
SELECT per1.empid,per1.lname FROM employee per1
WHERE NOT EXISTS (SELECT empid from payroll where payroll.salary<189170 and per1.empid=payroll.empid)
except
SELECT per2.empid,per2.lname FROM employee per2
WHERE NOT EXISTS (SELECT empid from payroll where payroll.salary<>189171 and per2.empid=payroll.empid)
order by empid,lname;","[[(' 02883   ', 'YFXUNCRKRJRKCRJ'), (' 03315   ', 'LTQIQGUWBHRMDPN'), (' 04572   ', 'AIBRIQSFSKFFTUT'), (' 07328   ', 'WWVELFSBRXMORNH')]]",2.30 , 13.76
A0231850M,"SELECT DISTINCT per.empid, per.lname
FROM employee per, payroll pay
WHERE per.empid != ALL (
    SELECT pay.empid
	FROM payroll pay
	WHERE pay.salary != 189170)
AND pay.salary != ALL (
	SELECT pay.salary
	FROM payroll pay
	WHERE pay.salary != 189170)
ORDER BY per.empid, per.lname;","[[(' 02883   ', 'YFXUNCRKRJRKCRJ'), (' 03315   ', 'LTQIQGUWBHRMDPN'), (' 04572   ', 'AIBRIQSFSKFFTUT'), (' 07328   ', 'WWVELFSBRXMORNH')]]",1.85 , 5834.90
A0231851L,"select per.empid,per.lname
from employee per cross join payroll pay
where per.empid not in(
	select pay.empid
	from payroll pay
	where pay.salary<>189170 and pay.empid=per.empid)
		and per.empid=pay.empid
order by per.empid,per.lname;","[[(' 02883   ', 'YFXUNCRKRJRKCRJ'), (' 03315   ', 'LTQIQGUWBHRMDPN'), (' 04572   ', 'AIBRIQSFSKFFTUT'), (' 07328   ', 'WWVELFSBRXMORNH')]]",1.99 , 5389.78
A0231854E,"SELECT per.empid, per.lname FROM employee per
WHERE per.empid NOT IN (SELECT empid FROM payroll WHERE salary > 189170) 
	AND per.empid NOT IN (SELECT empid FROM payroll WHERE salary < 189170);","[[(' 02883   ', 'YFXUNCRKRJRKCRJ'), (' 03315   ', 'LTQIQGUWBHRMDPN'), (' 04572   ', 'AIBRIQSFSKFFTUT'), (' 07328   ', 'WWVELFSBRXMORNH')]]",1.84 , 6.42
A0231856B,"SELECT a.empid, a.lname FROM
  (
  SELECT per.empid, per.lname
  FROM employee per
  WHERE (per.empid, per.lname) NOT IN
    (
    SELECT per1.empid, per1.lname
    FROM employee per1, payroll pay
    WHERE per1.empid=pay.empid
    AND per.empid = per1.empid
    AND per.lname=per1.lname
    AND pay.salary > 189170 )
  ORDER BY per.empid, per.lname
  ) as a
  INNER JOIN
  (
  SELECT per.empid, per.lname
  FROM employee per
  WHERE (per.empid, per.lname) NOT IN
    (
    SELECT per1.empid, per1.lname
    FROM employee per1, payroll pay
    WHERE per1.empid=pay.empid
    AND per.empid = per1.empid
    AND per.lname=per1.lname
    AND pay.salary < 189170 )
  ORDER BY per.empid, per.lname
  ) as b
  ON a.empid=b.empid
  AND a.lname=b.lname;","[[(' 02883   ', 'YFXUNCRKRJRKCRJ'), (' 03315   ', 'LTQIQGUWBHRMDPN'), (' 04572   ', 'AIBRIQSFSKFFTUT'), (' 07328   ', 'WWVELFSBRXMORNH')]]",2.09 , 25223.99
A0231857Y,"SELECT DISTINCT per2.empid, per2.lname
FROM employee per2 
WHERE EXISTS (
    SELECT DISTINCT per_pay.empid
    FROM 
      (
        SELECT per.empid AS emp_id, per.lname, per.fname, per.address, per.city, per.state, per.zip, pay.empid, pay.bonus, pay.salary 
        FROM employee per, payroll pay 
        GROUP BY per.empid, per.lname, per.fname, per.address, per.city, per.state, per.zip, pay.empid, pay.bonus, pay.salary
        HAVING AVG(pay.salary) = (SELECT salary FROM payroll pay2 WHERE salary = 189170 AND pay.empid = pay2.empid)
        ORDER BY per.empid, per.lname, per.fname, per.address, per.city, per.state, per.zip, pay.empid, pay.bonus, pay.salary
      ) AS per_pay 
    WHERE per_pay.empid = per2.empid)
    ORDER BY per2.empid, per2.lname;",,TIMEOUT,TIMEOUT
A0231863E,"SELECT per.empid, per.lname
 FROM (
 	SELECT pay.empid
 	FROM payroll pay
 	WHERE NOT EXISTS(
 		SELECT pay2.empid
 		FROM payroll pay2, employee per2
 		WHERE pay.empid = pay2.empid
 		AND pay.empid = per2.empid
 	    AND pay.salary <> 189170		   	
 	) 
 )filtered_pay_empid, employee per
 WHERE per.empid = filtered_pay_empid.empid		
 ORDER BY per.empid, per.lname;",,TIMEOUT,TIMEOUT
A0231867X,"select employee.empid, employee.lname
from employee
where empid in
(
    select empid
    from employee p
    where p.empid not in 
    (
        select empid
        from
        (
            select p1.empid as empid
            from employee p1
            left join
            payroll r1
            on p1.empid = r1.empid
            where r1.salary > 189170
            union
            select p2.empid as empid
            from employee p2
            left join 
            payroll r2
            on p2.empid = r2.empid
            where r2.salary < 189170
        ) a
    )
)
order by 
  employee.empid, 
  employee.lname;","[[(' 02883   ', 'YFXUNCRKRJRKCRJ'), (' 03315   ', 'LTQIQGUWBHRMDPN'), (' 04572   ', 'AIBRIQSFSKFFTUT'), (' 07328   ', 'WWVELFSBRXMORNH')]]",4.39 , 21.04
A0231868W,"SELECT * FROM
(SELECT per.empid, per.lname
FROM (SELECT empid, fname, lname FROM employee) per
FULL OUTER JOIN
(SELECT empid FROM payroll) pay
ON per.empid = pay.empid
EXCEPT
SELECT per.empid, per.lname
FROM (SELECT empid, fname, lname FROM employee) per
FULL OUTER JOIN
(SELECT empid FROM payroll) pay
ON per.empid = pay.empid
WHERE NOT EXISTS (
   SELECT * from payroll pay1
 WHERE pay1.empid = per.empid
 AND EXISTS (
 SELECT * from payroll pay2
 WHERE pay2.empid = per.empid
 AND pay2.salary = 189170))
AND per.fname = ANY (
SELECT fname FROM employee)) d
GROUP BY empid, lname
ORDER BY empid, lname;","[[(' 02883   ', 'YFXUNCRKRJRKCRJ'), (' 03315   ', 'LTQIQGUWBHRMDPN'), (' 04572   ', 'AIBRIQSFSKFFTUT'), (' 07328   ', 'WWVELFSBRXMORNH')]]",2.29 , 26.28
A0231869U,"SELECT a.empid, a.lname
FROM (
(SELECT per.empid AS empid1, per.lname, per.fname, per.address, per.city, per.state, per.zip, pay1.empid, pay1.bonus, pay1.salary
FROM employee per FULL OUTER JOIN payroll pay1
ON per.empid = pay1.empid
WHERE per.empid IS NOT NULL
ORDER BY per.empid, per.lname)
INTERSECT
(SELECT * FROM employee per FULL OUTER JOIN payroll pay1
ON per.empid = pay1.empid
WHERE per.empid IS NOT NULL
AND NOT EXISTS (
    SELECT * FROM payroll pay2 WHERE per.empid = pay2.empid AND salary <> 189170)
ORDER BY per.empid, per.lname)) a
ORDER BY a.empid, a.lname;","[[(' 02883   ', 'YFXUNCRKRJRKCRJ'), (' 03315   ', 'LTQIQGUWBHRMDPN'), (' 04572   ', 'AIBRIQSFSKFFTUT'), (' 07328   ', 'WWVELFSBRXMORNH')]]",2.08 , 21.70
A0231872E,"select per.empid,per.lname
from employee per,payroll pay
where(per.empid,pay.empid) in (select A.empid1,A.empid2
        from(
 select (case when per1.empid<>pay1.empid
                      then null
                      else per1.empid end ) as empid1,pay1.empid as empid2
                         from payroll pay1,employee per1
          ) A)
and pay.empid not in(
select pay3.empid
from payroll pay3
where pay3.salary <>189170);",,TIMEOUT,TIMEOUT
A0231875Y,"SELECT per.empid, per.lname
FROM employee AS per, employee AS per2
WHERE NOT EXISTS (
	SELECT *
	FROM payroll AS pay2 
	INNER JOIN 
	(SELECT (SELECT DISTINCT per.empid FROM employee AS per WHERE per.empid = pay.empid) FROM payroll AS pay) AS temp
		ON pay2.empid = temp.empid
	WHERE (pay2.salary != 189170) AND per.empid = pay2.empid)
AND (per.lname >= per2.lname AND per.empid >= per2.empid)
GROUP BY per.empid, per.lname;","[[(' 02883   ', 'YFXUNCRKRJRKCRJ'), (' 03315   ', 'LTQIQGUWBHRMDPN'), (' 04572   ', 'AIBRIQSFSKFFTUT'), (' 07328   ', 'WWVELFSBRXMORNH')]]",2.24 , 19168.15
A0231880H,"SELECT DISTINCT per.empid , per. lname
FROM employee per RIGHT OUTER JOIN payroll pay ON TRUE AND NOT EXISTS (
SELECT pay.empid FROM payroll pay WHERE salary <> 189170 AND per.empid = pay.empid )
ORDER BY per.empid , per. lname ;","[[(' 02883   ', 'YFXUNCRKRJRKCRJ'), (' 03315   ', 'LTQIQGUWBHRMDPN'), (' 04572   ', 'AIBRIQSFSKFFTUT'), (' 07328   ', 'WWVELFSBRXMORNH')]]",2.29 , 23.13
A0231884Y,"select per.empid, per.lname
from employee per
where per.empid <> ALL (
	select tt.empid
	from
	(select *
	from employee per
	where per.empid <> ALL(
		select pay.empid
		from payroll pay
		where pay.salary > 189169)
	or per.empid <> ALL(
		select pay.empid
		from payroll pay
		where pay.salary < 189171)) tt)
order by per.empid, per.lname;","[[(' 02883   ', 'YFXUNCRKRJRKCRJ'), (' 03315   ', 'LTQIQGUWBHRMDPN'), (' 04572   ', 'AIBRIQSFSKFFTUT'), (' 07328   ', 'WWVELFSBRXMORNH')]]",2.26 , 7807.98
A0231885X,"SELECT per.empid, per.lname
FROM employee per
WHERE per.empid IN(
    SELECT per_new.empid
FROM employee per_new, payroll pay_new WHERE per_new.empid=pay_new.empid 
AND per_new.empid=per.empid AND NOT pay_new.salary <> 189170)
ORDER BY per.empid, per.lname;","[[(' 02883   ', 'YFXUNCRKRJRKCRJ'), (' 03315   ', 'LTQIQGUWBHRMDPN'), (' 04572   ', 'AIBRIQSFSKFFTUT'), (' 07328   ', 'WWVELFSBRXMORNH')]]",1.99 , 19704.17
A0231886W,"SELECT
    per.empid, per.lname
FROM
    employee per RIGHT OUTER JOIN payroll pay
    ON per.empid = pay.empid and pay.salary = 189170
WHERE
    TRUE
;","[[(' 02883   ', 'YFXUNCRKRJRKCRJ'), (' 03315   ', 'LTQIQGUWBHRMDPN'), (' 04572   ', 'AIBRIQSFSKFFTUT'), (' 07328   ', 'WWVELFSBRXMORNH')]]",2.17 , 8.95
A0231887U,"select empid, lname
from (
	select e.*, t.empid as empid2, t.bonus, t.salary
	from (select * from employee group by 1,2,3,4,5,6,7 order by 1,2,3,4,5,6,7  ) as e
	cross join (
		select * from payroll as p group by 1,2,3 order by 1,2,3
	) t
	where 1=1
	group by 1,2,3,4,5,6,7,8,9,10
	having e.empid = t.empid
	order by 1,2,3,4,5,6,7,8,9,10
) t2
where 1=1 
  and t2.salary = 189170
group by 1,2
order by 1,2
;","[[(' 02883   ', 'YFXUNCRKRJRKCRJ'), (' 03315   ', 'LTQIQGUWBHRMDPN'), (' 04572   ', 'AIBRIQSFSKFFTUT'), (' 07328   ', 'WWVELFSBRXMORNH')]]",3.95 , 13.59
A0231891A,"SELECT per.empid, per.lname
 FROM employee per
 WHERE (per.empid, per.lname) <> ALL(
		SELECT per.empid, per.lname
		FROM payroll pay
		WHERE per.empid = pay.empid 
		AND pay.salary > 189170
	 UNION
		SELECT per.empid, per.lname
		FROM payroll pay
		WHERE per.empid = pay.empid 
		AND pay.salary < 189170)
 ORDER BY per.empid, per.lname;","[[(' 02883   ', 'YFXUNCRKRJRKCRJ'), (' 03315   ', 'LTQIQGUWBHRMDPN'), (' 04572   ', 'AIBRIQSFSKFFTUT'), (' 07328   ', 'WWVELFSBRXMORNH')]]",2.18 , 19009.43
A0231902R,"SELECT per.empid, per.lname
FROM employee per, payroll pay
where per.empid = pay.empid
and per.empid not in(
    (select per2.empid
    from employee per2, payroll pay2
    where per2.empid = pay2.empid
    and pay2.salary <> 189170)
);","[[(' 02883   ', 'YFXUNCRKRJRKCRJ'), (' 03315   ', 'LTQIQGUWBHRMDPN'), (' 04572   ', 'AIBRIQSFSKFFTUT'), (' 07328   ', 'WWVELFSBRXMORNH')]]",2.74 , 12.69
A0231902R(2),"SELECT per.empid, per.lname
FROM employee per
EXCEPT
Select per2.empid, per2.lname
from employee per2
where per2.empid is NULL
order by empid, lname;","[[(' 00000   ', 'NIBTSAERKALWFDS'), (' 00001   ', 'EBDEMNRITQBCOWD'), (' 00002   ', 'RPHMIVUADXBXKVG'), (' 00003   ', 'UTRRJMOTPESIAKD'), (' 00004   ', 'IFEMTHSBNJLBXYS'), (' 00005   ', 'UIFQTWPALGVKVLB'), (' 00006   ', 'JWTHXMNHPKNBTBA'), (' 00007   ', 'LJYPHWQTMJNPTRG'), (' 00008   ', 'XWIQICFDWSOCTDL'), (' 00009   ', 'NVGWUYJQMVVGSIE'), ...]]",1.90 , 66.04
A0231902R(3),"SELECT per.empid , per. lname
FROM employee per
where per.empid in (
    select per2.empid
    from employee per2
    where per2.empid is NULL)
and per.lname in (
    select per3.lname
    from employee per3
    where per3.lname is null)
order by empid , lname;",[[]],1.91 , 1.78
A0231904M,"SELECT c.emp_id, c.lname
FROM (SELECT *
	  FROM (SELECT per.empid emp_id, per.lname
		   	FROM employee per) a FULL OUTER JOIN
	  		(SELECT pay.empid pay_id, pay.salary
			FROM payroll pay) b
	  		ON a.emp_id = b.pay_id) c
WHERE c.salary NOT IN(
	SELECT pay1.salary
	FROM payroll pay1
	WHERE pay1.salary != 189170)
ORDER BY c.emp_id, c.lname;","[[(' 02883   ', 'YFXUNCRKRJRKCRJ'), (' 03315   ', 'LTQIQGUWBHRMDPN'), (' 04572   ', 'AIBRIQSFSKFFTUT'), (' 07328   ', 'WWVELFSBRXMORNH')]]",2.72 , 13.12
A0231905L,"SELECT temp.empid, temp.lname 
FROM ((SELECT *
FROM employee per
WHERE per.empid NOT IN (
    SELECT pay.empid FROM payroll pay WHERE pay.empid!=per.empid) 
ORDER BY per.empid, per.lname)
INTERSECT
(SELECT *
FROM employee per
WHERE per.empid NOT IN (
    SELECT pay.empid FROM payroll pay WHERE pay.salary!=189170) 
ORDER BY per.empid, per.lname)) AS temp
ORDER BY temp.empid, temp.lname;","[[(' 02883   ', 'YFXUNCRKRJRKCRJ'), (' 03315   ', 'LTQIQGUWBHRMDPN'), (' 04572   ', 'AIBRIQSFSKFFTUT'), (' 07328   ', 'WWVELFSBRXMORNH')]]",2.13 , 20623.92
A0231906J,"SELECT per.empid, per.lname
FROM employee per LEFT OUTER JOIN payroll pay ON per.empid = pay.empid
WHERE pay.salary IN (SELECT pa.salary					 
					 FROM employee em LEFT OUTER JOIN payroll pa ON em.empid = pa.empid
					 WHERE pa.salary > 189160)
AND pay.salary IN (SELECT pa.salary					 
					 FROM employee em LEFT OUTER JOIN payroll pa ON em.empid = pa.empid
					 WHERE pa.salary > 189161)
AND pay.salary IN (SELECT pa.salary					 
					 FROM employee em LEFT OUTER JOIN payroll pa ON em.empid = pa.empid
					 WHERE pa.salary > 189162)
AND pay.salary IN (SELECT pa.salary					 
					 FROM employee em LEFT OUTER JOIN payroll pa ON em.empid = pa.empid
					 WHERE pa.salary > 189163)
AND pay.salary IN (SELECT pa.salary					 
					 FROM employee em LEFT OUTER JOIN payroll pa ON em.empid = pa.empid
					 WHERE pa.salary > 189164)
AND pay.salary IN (SELECT pa.salary					 
					 FROM employee em LEFT OUTER JOIN payroll pa ON em.empid = pa.empid
					 WHERE pa.salary > 189165)
AND pay.salary IN (SELECT pa.salary					 
					 FROM employee em LEFT OUTER JOIN payroll pa ON em.empid = pa.empid
					 WHERE pa.salary > 189166)
AND pay.salary IN (SELECT pa.salary					 
					 FROM employee em LEFT OUTER JOIN payroll pa ON em.empid = pa.empid
					 WHERE pa.salary > 189167)
AND pay.salary IN (SELECT pa.salary					 
					 FROM employee em LEFT OUTER JOIN payroll pa ON em.empid = pa.empid
					 WHERE pa.salary > 189168)
AND pay.salary IN (SELECT pa.salary					 
					 FROM employee em LEFT OUTER JOIN payroll pa ON em.empid = pa.empid
					 WHERE pa.salary > 189169)
AND pay.salary <= ANY (SELECT pa.salary
				   FROM employee em LEFT OUTER JOIN payroll pa ON em.empid = pa.empid
				   WHERE pa.salary < 189171)
ORDER BY per.empid, per.lname;","[[(' 02883   ', 'YFXUNCRKRJRKCRJ'), (' 03315   ', 'LTQIQGUWBHRMDPN'), (' 04572   ', 'AIBRIQSFSKFFTUT'), (' 07328   ', 'WWVELFSBRXMORNH')]]",4.22 , 814.28
A0231906J(2),"SELECT per.empid, per.lname
FROM employee per LEFT OUTER JOIN payroll pay ON per.empid = pay.empid 
WHERE EXISTS (SELECT *
			 FROM employee em LEFT OUTER JOIN payroll pa ON em.empid = pa.empid
			 WHERE pa.salary >= 10
			 UNION
			 SELECT *
			 FROM employee em LEFT OUTER JOIN payroll pa ON em.empid = pa.empid
			 WHERE pa.salary >= 20
			 UNION
			 SELECT *
			 FROM employee em LEFT OUTER JOIN payroll pa ON em.empid = pa.empid
			 WHERE pa.salary <= 10000000000 )
ORDER BY per.empid, per.lname;","[[(' 00000   ', 'NIBTSAERKALWFDS'), (' 00001   ', 'EBDEMNRITQBCOWD'), (' 00002   ', 'RPHMIVUADXBXKVG'), (' 00003   ', 'UTRRJMOTPESIAKD'), (' 00004   ', 'IFEMTHSBNJLBXYS'), (' 00005   ', 'UIFQTWPALGVKVLB'), (' 00006   ', 'JWTHXMNHPKNBTBA'), (' 00007   ', 'LJYPHWQTMJNPTRG'), (' 00008   ', 'XWIQICFDWSOCTDL'), (' 00009   ', 'NVGWUYJQMVVGSIE'), ...]]",3.34 , 169.55
A0231907H,"SELECT per.empid, per.lname
FROM employee per
WHERE NOT EXISTS (
    SELECT emp.empid, emp.lname 
    FROM employee emp, payroll pay
    WHERE per.empid = pay.empid 
    AND pay.salary <> 189170)
ORDER BY per.empid, per.lname;",,TIMEOUT,TIMEOUT
A0231908E,"SELECT per.empid, per.lname
 FROM employee per , payroll pay
 WHERE per.empid = pay.empid 
 and pay.salary = all( 
	 select pay.salary
	 from payroll pay
	 where pay.salary= 189170);","[[(' 02883   ', 'YFXUNCRKRJRKCRJ'), (' 03315   ', 'LTQIQGUWBHRMDPN'), (' 04572   ', 'AIBRIQSFSKFFTUT'), (' 07328   ', 'WWVELFSBRXMORNH')]]",2.62 , 9.79
A0231909A,"SELECT per.empid, per.lname
FROM employee per
WHERE NOT EXISTS(
	SELECT * FROM employee per1, payroll pay
	WHERE per.empid = pay.empid
	AND per.empid = per1.empid
	AND pay.salary <> 189170);",,TIMEOUT,TIMEOUT
A0231915J,"SELECT pay.empid,per.lname
 from employee per,payroll pay
 where pay.empid=any(select pay1.empid from employee per1,payroll pay1 where per1.empid=pay1.empid and pay1.salary=189170)
 and per.lname=any(select per1.lname from employee per1,payroll pay1 where per1.empid=pay1.empid and pay1.salary=189170)
 and per.empid=pay.empid
 order by per.empid,per.lname;","[[(' 02883   ', 'YFXUNCRKRJRKCRJ'), (' 03315   ', 'LTQIQGUWBHRMDPN'), (' 04572   ', 'AIBRIQSFSKFFTUT'), (' 07328   ', 'WWVELFSBRXMORNH')]]",2.72 , 9.34
A0231917E,"SELECT per.empid, per.lname
FROM employee per
WHERE (per.empid,per.lname) NOT IN 
(SELECT per2.empid, per2.lname
FROM employee per2, payroll pay2
WHERE per2.empid = pay2.empid
AND pay2.salary != 189170)
ORDER BY per.empid, per.lname;","[[(' 02883   ', 'YFXUNCRKRJRKCRJ'), (' 03315   ', 'LTQIQGUWBHRMDPN'), (' 04572   ', 'AIBRIQSFSKFFTUT'), (' 07328   ', 'WWVELFSBRXMORNH')]]",2.31 , 13.67
A0231918A,"SELECT per.empid, per.lname
FROM employee per
WHERE (per.empid, per.lname) NOT IN (
SELECT per1.empid, per1.lname
FROM employee per1, payroll pay
WHERE per1.empid = pay.empid
AND pay.salary > 189170
UNION
SELECT per1.empid, per1.lname
FROM employee per1, payroll pay
WHERE per1.empid = pay.empid
AND pay.salary < 189170)
ORDER BY per.empid, per.lname;","[[(' 02883   ', 'YFXUNCRKRJRKCRJ'), (' 03315   ', 'LTQIQGUWBHRMDPN'), (' 04572   ', 'AIBRIQSFSKFFTUT'), (' 07328   ', 'WWVELFSBRXMORNH')]]",2.14 , 24.08
A0231919B,"SELECT distinct(per.empid), per.lname
FROM employee per, payroll pay
WHERE per.empid NOT IN (
    SELECT pay.empid FROM payroll pay
	WHERE per.empid = pay.empid 
	AND (pay.salary < 189170 OR pay.salary > 189170))
AND per.empid is not null
AND pay.empid is not null
ORDER BY per.empid, per.lname;","[[(' 02883   ', 'YFXUNCRKRJRKCRJ'), (' 03315   ', 'LTQIQGUWBHRMDPN'), (' 04572   ', 'AIBRIQSFSKFFTUT'), (' 07328   ', 'WWVELFSBRXMORNH')]]",2.09 , 4813.23
A0231921N,"SELECT per_id, lname 
FROM (
	SELECT *
	FROM (
			SELECT per.empid per_id, pay.empid pay_id, per.lname, pay.salary, 
				RANK() OVER(ORDER BY per.empid::INTEGER DESC) perid_rank, 
				RANK() OVER(ORDER BY pay.empid::INTEGER DESC) payid_rank
			FROM employee per, payroll pay
			) id_match
	WHERE perid_rank = payid_rank 
			AND salary NOT IN (
				SELECT salary
				FROM payroll
				GROUP BY salary
				HAVING salary < 189170)
	INTERSECT
	SELECT *
	FROM (
			SELECT per.empid per_id, pay.empid pay_id, per.lname, pay.salary, 
				RANK() OVER(ORDER BY per.empid::INTEGER DESC) perid_rank, 
				RANK() OVER(ORDER BY pay.empid::INTEGER DESC) payid_rank
			FROM employee per, payroll pay
			) id_match
	WHERE perid_rank = payid_rank 
			AND salary NOT IN( 
				SELECT salary
				FROM payroll
				GROUP BY salary
				HAVING salary > 189170)
	) filtered
ORDER BY per_id, lname;",,TIMEOUT,TIMEOUT
A0231922M,"SELECT per.empid, per.lname
FROM employee per
WHERE per.empid NOT IN
    	(SELECT per1.empid FROM employee per1 INNER JOIN payroll pay ON per1.empid = pay.empid 
		 AND per.empid = per1.empid
		 AND pay.salary <> 189170 )
ORDER BY per.empid, per.lname;","[[(' 02883   ', 'YFXUNCRKRJRKCRJ'), (' 03315   ', 'LTQIQGUWBHRMDPN'), (' 04572   ', 'AIBRIQSFSKFFTUT'), (' 07328   ', 'WWVELFSBRXMORNH')]]",2.18 , 10223.25
A0231929Y,"SELECT per.empid, per.lname
FROM employee per
WHERE (per.empid, per.lname) NOT IN (
    SELECT per1.empid, per1.lname
	FROM employee per1, payroll pay
	WHERE per1.empid = pay.empid
	GROUP BY per1.empid, per1.lname, pay.salary
	HAVING pay.salary <> 189170
	)
ORDER BY per.empid, per.lname;","[[(' 02883   ', 'YFXUNCRKRJRKCRJ'), (' 03315   ', 'LTQIQGUWBHRMDPN'), (' 04572   ', 'AIBRIQSFSKFFTUT'), (' 07328   ', 'WWVELFSBRXMORNH')]]",1.98 , 15.99
A0231931M,"SELECT per.empid, per.lname
FROM employee per
WHERE 
	per.empid IN ( SELECT pay.empid 
		FROM payroll pay 
		WHERE per.empid = pay.empid)
	AND per.empid NOT IN ( SELECT pay.empid 
		FROM payroll pay 
		WHERE pay.salary < 189170
			OR pay.salary > 189170)
ORDER BY 
	per.empid, per.lname;","[[(' 02883   ', 'YFXUNCRKRJRKCRJ'), (' 03315   ', 'LTQIQGUWBHRMDPN'), (' 04572   ', 'AIBRIQSFSKFFTUT'), (' 07328   ', 'WWVELFSBRXMORNH')]]",2.04 , 7.08
A0231933J,"SELECT per.empid,per.lname
FROM employee per
WHERE NOT EXISTS (
SELECT per1.empid,per1.lname
from employee per1 left join payroll pay
on per1.empid=pay.empid and per.empid=per1.empid
where pay.salary not in(select pay.salary from payroll pay where pay.salary=189170))
ORDER BY per.empid, per.lname asc;","[[(' 02883   ', 'YFXUNCRKRJRKCRJ'), (' 03315   ', 'LTQIQGUWBHRMDPN'), (' 04572   ', 'AIBRIQSFSKFFTUT'), (' 07328   ', 'WWVELFSBRXMORNH')]]",2.36 , 20942.32
A0231936A,"SELECT DISTINCT per.empid, per.lname
FROM employee per
FULL JOIN payroll pay
ON per.empid = pay.empid
WHERE per.empid IN (SELECT pay.empid
				    FROM payroll pay
				    WHERE per.empid = pay.empid
				    AND pay.empid NOT IN (SELECT pay.empid
										  FROM payroll pay
										  WHERE per.empid = pay.empid
										  AND pay.salary > 189170)
				    INTERSECT
				    SELECT pay.empid
				    FROM payroll pay
				    WHERE per.empid = pay.empid
				    AND pay.empid NOT IN (SELECT pay.empid
										  FROM payroll pay
										  WHERE per.empid = pay.empid
										  AND pay.salary < 189170)				  
				  );","[[(' 02883   ', 'YFXUNCRKRJRKCRJ'), (' 03315   ', 'LTQIQGUWBHRMDPN'), (' 04572   ', 'AIBRIQSFSKFFTUT'), (' 07328   ', 'WWVELFSBRXMORNH')]]",2.51 , 52977.21
A0231941L,"SELECT per.empid, per.lname
FROM employee per
WHERE per.empid NOT IN (
	SELECT per.empid
	FROM employee per
	WHERE EXISTS (
    	SELECT pay.empid
		FROM payroll pay
		WHERE pay.empid = per.empid
		AND pay.salary > 189170)
	UNION
	SELECT per.empid
	FROM employee per
	WHERE EXISTS (
    	SELECT pay.empid
		FROM payroll pay
		WHERE pay.empid=per.empid
		AND pay.salary < 189170))
ORDER BY per.empid;","[[(' 02883   ', 'YFXUNCRKRJRKCRJ'), (' 03315   ', 'LTQIQGUWBHRMDPN'), (' 04572   ', 'AIBRIQSFSKFFTUT'), (' 07328   ', 'WWVELFSBRXMORNH')]]",2.31 , 16.46
A0231945A,"select per.empid,per.lname
from employee per right join
(SELECT per.empid,per.lname FROM employee per
WHERE per.empid in (SELECT empid from payroll 
						where payroll.salary<189172 and per.empid=payroll.empid))as temp1
 on per.empid=temp1.empid
 intersect
 select per.empid,per.lname
from employee per right join
(SELECT per.empid,per.lname FROM employee per
WHERE per.empid in (SELECT empid from payroll 
						where payroll.salary>189169 and per.empid=payroll.empid))as temp2
on per.empid=temp2.empid
except
select per.empid,per.lname
from employee per right join
(SELECT per.empid,per.lname FROM employee per
WHERE per.empid in (SELECT empid from payroll 
						where payroll.salary=189171 and per.empid=payroll.empid))as temp3
on per.empid=temp3.empid;","[[(' 02883   ', 'YFXUNCRKRJRKCRJ'), (' 07328   ', 'WWVELFSBRXMORNH'), (' 03315   ', 'LTQIQGUWBHRMDPN'), (' 04572   ', 'AIBRIQSFSKFFTUT')]]",2.85 , 32805.05
A0231947Y,"SELECT per.empid, per.lname
 FROM employee per FULL OUTER JOIN payroll pay ON per.empid = pay.empid
 WHERE per.empid IS NOT NULL
 GROUP BY per.empid, per.lname
 Having SUM(pay.salary) = ANY
 (SELECT SUM(pay.salary)
 FROM payroll pay CROSS JOIN employee per
 WHERE per.empid = pay.empid AND pay.salary >= 189170
 UNION
 SELECT SUM(pay.salary)
 FROM payroll pay
 WHERE per.empid = pay.empid AND pay.salary <= 189170
 EXCEPT
 SELECT SUM(pay.salary)
 FROM payroll pay
 WHERE per.empid = pay.empid AND pay.salary <> 189170)
 ORDER BY per.empid, per.lname;","[[(' 02883   ', 'YFXUNCRKRJRKCRJ'), (' 03315   ', 'LTQIQGUWBHRMDPN'), (' 04572   ', 'AIBRIQSFSKFFTUT'), (' 07328   ', 'WWVELFSBRXMORNH')]]",2.48 , 36833.17
A0231952H,"select distinct per.empid, per.lname
from employee per
where per.empid not in (
	select distinct per.empid from employee per
	intersect
	select distinct pay.empid from payroll pay
	where pay.salary <> 189170)
order by per.empid, per.lname;","[[(' 02883   ', 'YFXUNCRKRJRKCRJ'), (' 03315   ', 'LTQIQGUWBHRMDPN'), (' 04572   ', 'AIBRIQSFSKFFTUT'), (' 07328   ', 'WWVELFSBRXMORNH')]]",1.97 , 18.42
A0231953E,"SELECT per.empid, per.lname
FROM employee per
WHERE per.empid IN (SELECT pay.empid 
				   FROM payroll pay)
EXCEPT
SELECT pay.empid, per.lname
FROM employee per, payroll pay
WHERE pay.salary <> 189170
ORDER BY empid, lname;","[[(' 02883   ', 'YFXUNCRKRJRKCRJ'), (' 03315   ', 'LTQIQGUWBHRMDPN'), (' 04572   ', 'AIBRIQSFSKFFTUT'), (' 07328   ', 'WWVELFSBRXMORNH')]]",1.99 , 34349.03
A0231956Y,"SELECT DISTINCT per.empid, per.lname
FROM employee per
WHERE per.empid IN (
    SELECT DISTINCT pay.empid
    FROM payroll pay 
    WHERE pay.empid=per.empid and 
    pay.salary NOT IN (SELECT DISTINCT sum(pay.salary)/count(pay.empid) as sal
                            FROM payroll pay
                            GROUP BY pay.salary 
                            HAVING sum(pay.salary)/count(pay.empid)=ANY(SELECT DISTINCT sum(pay.salary)/count(pay.empid) as sal
																		FROM payroll pay
																		GROUP BY pay.empid 
																		HAVING sum(pay.salary)/count(pay.empid)>189170
																	    ORDER BY sal)
                       UNION
                       SELECT DISTINCT sum(pay.salary)/count(pay.empid)as sal
                            FROM payroll pay
                            GROUP BY pay.salary 
                            HAVING sum(pay.salary)/count(pay.empid)=ANY(SELECT DISTINCT sum(pay.salary)/count(pay.empid) as sal
																		FROM payroll pay
																		GROUP BY pay.empid 
																		HAVING sum(pay.salary)/count(pay.empid)<189170
																	    ORDER BY sal)
                       ORDER BY sal
                      )
    GROUP BY pay.empid
    ORDER BY pay.empid)
GROUP BY per.empid, per.lname
ORDER BY per.empid, per.lname;","[[(' 02883   ', 'YFXUNCRKRJRKCRJ'), (' 03315   ', 'LTQIQGUWBHRMDPN'), (' 04572   ', 'AIBRIQSFSKFFTUT'), (' 07328   ', 'WWVELFSBRXMORNH')]]",2.37 , 16040.64
A0231957X,"SELECT per.empid, per.lname
FROM employee per
WHERE per.empid NOT IN (SELECT pay.empid FROM payroll pay WHERE pay.salary <> 189170
					   AND per.empid=pay.empid)
ORDER BY per.empid, per.lname;","[[(' 02883   ', 'YFXUNCRKRJRKCRJ'), (' 03315   ', 'LTQIQGUWBHRMDPN'), (' 04572   ', 'AIBRIQSFSKFFTUT'), (' 07328   ', 'WWVELFSBRXMORNH')]]",2.01 , 5358.77
A0231971E,"SELECT per.empid, per.lname 
FROM employee per, payroll pay
WHERE per.empid = pay.empid 
AND pay.salary >= ALL (
 	SELECT pay1.salary 
 	FROM payroll pay1
	GROUP BY pay1.salary
 	HAVING pay1.salary <= 189170)
AND pay.salary <= ALL (
 	SELECT pay1.salary 
 	FROM payroll pay1
	GROUP BY pay1.salary
 	HAVING pay1.salary >= 189170);","[[(' 02883   ', 'YFXUNCRKRJRKCRJ'), (' 03315   ', 'LTQIQGUWBHRMDPN'), (' 04572   ', 'AIBRIQSFSKFFTUT'), (' 07328   ', 'WWVELFSBRXMORNH')]]",2.02 , 86.86
A0231973B,"SELECT per.empid, per.lname
FROM employee per, payroll pay 
WHERE NOT per.empid > pay.empid 
AND NOT per.empid < pay.empid 
GROUP BY pay.salary, per.empid, per.lname
HAVING pay.salary NOT IN (
	SELECT pay2.salary FROM payroll pay2
	WHERE pay2.salary < 189170
	OR pay2.salary > 189170)
ORDER BY per.empid, per.lname;","[[(' 02883   ', 'YFXUNCRKRJRKCRJ'), (' 03315   ', 'LTQIQGUWBHRMDPN'), (' 04572   ', 'AIBRIQSFSKFFTUT'), (' 07328   ', 'WWVELFSBRXMORNH')]]",2.18 , 51572.96
A0231974Y,"Select per.empid , per.lname
FROM employee per, payroll pay
WHERE per.empid = pay.empid
EXCEPT
Select per.empid , per.lname
FROM employee per, (Select *
				   FROM payroll pay
				   WHERE pay.salary <> 189170) AS temp
WHERE per.empid = temp.empid
Order By empid, lname;","[[(' 02883   ', 'YFXUNCRKRJRKCRJ'), (' 03315   ', 'LTQIQGUWBHRMDPN'), (' 04572   ', 'AIBRIQSFSKFFTUT'), (' 07328   ', 'WWVELFSBRXMORNH')]]",2.49 , 20.98
A0231975X,"SELECT per.empid, per.lname
FROM (
	SELECT per1.empid, per1.lname
	FROM employee per1) as per
	FULL OUTER JOIN(
	SELECT pay1.salary, pay1.empid
	FROM payroll pay1) as pay
    ON per.empid = pay.empid 
WHERE per.lname notnull
AND pay.empid notnull
AND per.empid <> ALL (
	SELECT per2.empid
	FROM employee per2, payroll pay2
	WHERE per2.empid = pay2.empid
	AND pay2.salary <> 189170)
ORDER BY per.empid, per.lname;","[[(' 02883   ', 'YFXUNCRKRJRKCRJ'), (' 03315   ', 'LTQIQGUWBHRMDPN'), (' 04572   ', 'AIBRIQSFSKFFTUT'), (' 07328   ', 'WWVELFSBRXMORNH')]]",2.42 , 6135.14
A0231982B,"select per.empid, per.lname
from employee per
where not exists(
select * from payroll pay
where not exists(
select * from employee per1, payroll pay1
where per1.empid=pay1.empid
and per1.empid=per.empid
and pay1.salary=189170))
order by per.empid, per.lname;","[[(' 02883   ', 'YFXUNCRKRJRKCRJ'), (' 03315   ', 'LTQIQGUWBHRMDPN'), (' 04572   ', 'AIBRIQSFSKFFTUT'), (' 07328   ', 'WWVELFSBRXMORNH')]]",2.17 , 15.08
A0231989M,"SELECT per.empid,per.lname
FROM employee per
WHERE NOT EXISTS(
	SELECT *
	FROM payroll pay
	WHERE pay.salary != 189170
	AND EXISTS (
		SELECT *
		FROM employee e
		WHERE e.empid = pay.empid AND e.empid = per.empid))
ORDER BY per.empid, per.lname;","[[(' 02883   ', 'YFXUNCRKRJRKCRJ'), (' 03315   ', 'LTQIQGUWBHRMDPN'), (' 04572   ', 'AIBRIQSFSKFFTUT'), (' 07328   ', 'WWVELFSBRXMORNH')]]",2.35 , 9870.59
A0231990A,"SELECT per.empid, per.lname
FROM employee per
WHERE per.empid IN 
	(SELECT pay.empid 
	 FROM payroll pay 
	 WHERE pay.salary < ALL (
		 SELECT pay1.salary 
		 FROM payroll pay1 
		 WHERE per.empid=pay1.empid 
		 AND pay1.salary > 189170)
	 AND pay.salary > ALL (
		 SELECT pay2.salary 
		 FROM payroll pay2 
		 WHERE per.empid=pay2.empid 
		 AND pay2.salary < 189170))
ORDER BY per.empid, per.lname;","[[(' 02883   ', 'YFXUNCRKRJRKCRJ'), (' 03315   ', 'LTQIQGUWBHRMDPN'), (' 04572   ', 'AIBRIQSFSKFFTUT'), (' 07328   ', 'WWVELFSBRXMORNH')]]",2.27 , 51329.93
A0231993X,"SELECT per.empid, per.lname, pay.salary
FROM employee as per, payroll as pay
WHERE per.empid = pay.empid AND pay.salary < ALL(
    SELECT pay1.salary
	FROM payroll as pay1
	WHERE per.empid = pay1.empid AND pay.empid = pay1.empid AND pay1.salary>189170)
INTERSECT
SELECT per2.empid, per2.lname, pay2.salary
FROM employee as per2, payroll as pay2
WHERE per2.empid = pay2.empid AND pay2.salary > ALL(
    SELECT pay3.salary
	FROM payroll as pay3
	WHERE per2.empid = pay3.empid AND pay3.empid = pay2.empid AND pay3.salary<189170)
ORDER BY empid, lname;","[[(' 02883   ', 'YFXUNCRKRJRKCRJ', 189170), (' 03315   ', 'LTQIQGUWBHRMDPN', 189170), (' 04572   ', 'AIBRIQSFSKFFTUT', 189170), (' 07328   ', 'WWVELFSBRXMORNH', 189170)]]",2.01 , 12968.93
A0231994W,"SELECT per.empid, per.lname
FROM employee per
WHERE EXISTS (
    SELECT * FROM payroll pay 
	WHERE per.empid = pay.empid AND pay.salary = 189170)
ORDER BY per.empid, per.lname;","[[(' 02883   ', 'YFXUNCRKRJRKCRJ'), (' 03315   ', 'LTQIQGUWBHRMDPN'), (' 04572   ', 'AIBRIQSFSKFFTUT'), (' 07328   ', 'WWVELFSBRXMORNH')]]",1.93 , 2.69
A0231996R,"SELECT per.empid, per.lname
FROM employee per left join payroll pay on per.empid=pay.empid
WHERE per.empid is not null and NOT EXISTS (
    SELECT pay.empid
    from payroll pay
    where per.empid=pay.empid and pay.salary <> 189170)
ORDER BY per.empid, per.lname;","[[(' 02883   ', 'YFXUNCRKRJRKCRJ'), (' 03315   ', 'LTQIQGUWBHRMDPN'), (' 04572   ', 'AIBRIQSFSKFFTUT'), (' 07328   ', 'WWVELFSBRXMORNH')]]",2.00 , 6.66
A0231996R(2),"SELECT per.empid, per.lname
FROM employee per left join payroll pay on per.empid=pay.empid
WHERE per.empid is not null and NOT EXISTS (
    SELECT pay.empid
    from payroll pay left join employee on per.empid=pay.empid 
     where per.empid=pay.empid and not pay.salary = 189170)
ORDER BY per.empid, per.lname;","[[(' 02883   ', 'YFXUNCRKRJRKCRJ'), (' 03315   ', 'LTQIQGUWBHRMDPN'), (' 04572   ', 'AIBRIQSFSKFFTUT'), (' 07328   ', 'WWVELFSBRXMORNH')]]",1.98 , 5192.74
A0232000L,"SELECT per1.empid, per1.lname
FROM employee per1
WHERE per1.empid NOT IN(
	SELECT per.empid
	FROM employee per
	INTERSECT
	SELECT pay.empid
	FROM payroll pay
	WHERE pay.salary <> 189170)
ORDER BY per1.empid, per1.lname;","[[(' 02883   ', 'YFXUNCRKRJRKCRJ'), (' 03315   ', 'LTQIQGUWBHRMDPN'), (' 04572   ', 'AIBRIQSFSKFFTUT'), (' 07328   ', 'WWVELFSBRXMORNH')]]",1.97 , 12.48
A0232004A,"SELECT
SELECT per.empid, per.lname
FROM employee per, 	(SELECT pay.empid
					FROM payroll pay
					WHERE pay.salary = 189170) AS tempid
WHERE per.empid = tempid.empid
ORDER BY per.empid , per.lname;",,TIMEOUT,TIMEOUT
A0232007X,"select empid,lname
from employee per
where empid <> all (select empid from payroll pay where salary <> 189170 and bonus is not null)
order by empid,lname;","[[(' 02883   ', 'YFXUNCRKRJRKCRJ'), (' 03315   ', 'LTQIQGUWBHRMDPN'), (' 04572   ', 'AIBRIQSFSKFFTUT'), (' 07328   ', 'WWVELFSBRXMORNH')]]",1.83 , 5314.74
A0232009U,"SELECT per.empid, per.lname
FROM employee per
GROUP BY per.empid, per.lname
HAVING per.empid = ANY(
	SELECT pay.empid
	FROM payroll pay
	WHERE pay.empid = per.empid and pay.salary = 189170)
ORDER BY per.empid, per.lname;","[[(' 02883   ', 'YFXUNCRKRJRKCRJ'), (' 03315   ', 'LTQIQGUWBHRMDPN'), (' 04572   ', 'AIBRIQSFSKFFTUT'), (' 07328   ', 'WWVELFSBRXMORNH')]]",2.45 , 9042.08
A0232012E,"SELECT per.empid, per.lname
 FROM employee per
 WHERE per.empid NOT IN(
	 SELECT pay.empid
	 FROM payroll pay
	 WHERE pay.salary < 189170
 	 OR pay.empid NOT IN(
 	 SELECT pay2.empid
	 FROM payroll pay2
	 WHERE pay2.salary <= 189170));","[[(' 02883   ', 'YFXUNCRKRJRKCRJ'), (' 03315   ', 'LTQIQGUWBHRMDPN'), (' 04572   ', 'AIBRIQSFSKFFTUT'), (' 07328   ', 'WWVELFSBRXMORNH')]]",2.63 , 10.58
A0232013A,"SELECT main.empid, main.lname
FROM ( SELECT per.lname, per.fname, per.address, per.city, per.state, per.zip, pay.empid, pay.bonus, pay.salary
FROM employee per RIGHT OUTER JOIN payroll pay ON pay.empid >= per.empid
GROUP BY per.lname, per.fname, per.address, per.city, per.state, per.zip, pay.empid, pay.bonus, pay.salary
HAVING MIN(pay.salary) >= 189170
INTERSECT
SELECT per.lname, per.fname, per.address, per.city, per.state, per.zip, pay.empid, pay.bonus, pay.salary
FROM employee per
RIGHT OUTER JOIN (SELECT * FROM payroll) AS pay
ON pay.empid <= per.empid
GROUP BY per.lname, per.fname, per.address, per.city, per.state, per.zip, pay.empid, pay.bonus, pay.salary
HAVING MAX(pay.salary) <= 189170 ) AS main
WHERE main.empid IS NOT NULL
ORDER BY main.empid, main.lname;",,TIMEOUT,TIMEOUT
A0232015Y,"SELECT per.empid, per.lname
FROM employee per,payroll pay1
where per.empid=pay1.empid
and pay1.salary <=ALL (
    SELECT pay3.salary from payroll pay3
    where pay3.salary >=189170)
and pay1.salary >=ALL (
    SELECT pay2.salary from payroll pay2
    where pay2.salary <=189170)
ORDER BY per.empid, per.lname;","[[(' 02883   ', 'YFXUNCRKRJRKCRJ'), (' 03315   ', 'LTQIQGUWBHRMDPN'), (' 04572   ', 'AIBRIQSFSKFFTUT'), (' 07328   ', 'WWVELFSBRXMORNH')]]",2.28 , 1109.46
A0232016X,"SELECT per.empid, per.lname
FROM employee per
WHERE NOT EXISTS (
    SELECT *
	FROM payroll pay
	WHERE pay.empid IS NOT NULL
	AND NOT EXISTS(
		SELECT *
		FROM payroll pay
		WHERE pay.salary = 189170
		AND per.empid = pay.empid))
ORDER BY per.empid, per.lname;","[[(' 02883   ', 'YFXUNCRKRJRKCRJ'), (' 03315   ', 'LTQIQGUWBHRMDPN'), (' 04572   ', 'AIBRIQSFSKFFTUT'), (' 07328   ', 'WWVELFSBRXMORNH')]]",2.49 , 18.51
A0232022A,"select empid, lname 
from employee t1
where t1.empid 
<> all (select empid from payroll t2
   where t2.salary+1 <> 189171 );","[[(' 02883   ', 'YFXUNCRKRJRKCRJ'), (' 03315   ', 'LTQIQGUWBHRMDPN'), (' 04572   ', 'AIBRIQSFSKFFTUT'), (' 07328   ', 'WWVELFSBRXMORNH')]]",1.77 , 5479.19
A0232060Y,"SELECT per.empid, per.lname
FROM employee per
WHERE NOT EXISTS (
    SELECT pay.empid,pay.salary from payroll pay 
	where pay.empid = per.empid 
	and not exists (select pay.salary from payroll pay where pay.salary = 189170 and pay.empid = per.empid ))
ORDER BY per.empid, per.lname;","[[(' 02883   ', 'YFXUNCRKRJRKCRJ'), (' 03315   ', 'LTQIQGUWBHRMDPN'), (' 04572   ', 'AIBRIQSFSKFFTUT'), (' 07328   ', 'WWVELFSBRXMORNH')]]",2.02 , 6.45
A0232064R,"SELECT per.empid, per.lname
FROM employee per
WHERE NOT EXISTS(
SELECT * FROM payroll pay
WHERE NOT EXISTS(
SELECT * FROM employee per1, payroll pay1
WHERE per1.empid=pay1.empid
AND per1.empid=per.empid
AND pay1.salary=189170));","[[(' 02883   ', 'YFXUNCRKRJRKCRJ'), (' 03315   ', 'LTQIQGUWBHRMDPN'), (' 04572   ', 'AIBRIQSFSKFFTUT'), (' 07328   ', 'WWVELFSBRXMORNH')]]",1.96 , 14.19
A0232193L,"select temp.empid, temp.lname
from (
(select per.empid, per.lname
from employee per join payroll pay
on per.empid = pay.empid
where per.empid is not null
order by per.empid, per.lname)  
intersect 
(select per.empid as empid, per.lname 
from employee per join payroll pay 
on per.empid = pay.empid
where per.empid is not null  
and not exists (
    select *
	from payroll pay where per.empid = pay.empid and pay.salary <> 189170)
order by per.empid, per.lname)) temp
order by temp.empid, temp.lname;","[[(' 02883   ', 'YFXUNCRKRJRKCRJ'), (' 03315   ', 'LTQIQGUWBHRMDPN'), (' 04572   ', 'AIBRIQSFSKFFTUT'), (' 07328   ', 'WWVELFSBRXMORNH')]]",1.90 , 17.68
A0232194J,"SELECT emp.empid, emp.lname
FROM employee emp
WHERE emp.empid NOT IN (
(
SELECT per.empid
FROM employee per
WHERE per.empid NOT IN (
    SELECT pay.empid
    FROM payroll pay
    WHERE pay.salary >= 189170)
ORDER BY per.empid
)
UNION
(
SELECT per.empid
FROM employee per
WHERE per.empid NOT IN (
    SELECT pay.empid
    FROM payroll pay
    WHERE pay.salary <= 189170)
ORDER BY per.empid
)
);","[[(' 02883   ', 'YFXUNCRKRJRKCRJ'), (' 03315   ', 'LTQIQGUWBHRMDPN'), (' 04572   ', 'AIBRIQSFSKFFTUT'), (' 07328   ', 'WWVELFSBRXMORNH')]]",1.79 , 17.45
A0232195H,"SELECT per.empid, per.lname
FROM employee per
WHERE per . empid NOT IN (
	SELECT pay . empid
	FROM payroll pay
	WHERE pay . salary <> 189170
	ORDER BY pay.salary
)
ORDER BY per.empid, per.lname;","[[(' 02883   ', 'YFXUNCRKRJRKCRJ'), (' 03315   ', 'LTQIQGUWBHRMDPN'), (' 04572   ', 'AIBRIQSFSKFFTUT'), (' 07328   ', 'WWVELFSBRXMORNH')]]",1.90 , 8.81
A0232196E,"select per.empid, per.lname
FROM employee per, payroll pay
where cast(per.empid as int) - cast(pay.empid as int) = 0
and
pay.salary < all
(select pay.salary from employee per 
right join payroll pay on per.empid = pay.empid 
where pay.salary > 189170)
and 
pay.salary > all
(select pay.salary from employee per 
right join payroll pay on per.empid = pay.empid 
where pay.salary < 189170)
ORDER BY per.empid, per.lname;","[[(' 02883   ', 'YFXUNCRKRJRKCRJ'), (' 03315   ', 'LTQIQGUWBHRMDPN'), (' 04572   ', 'AIBRIQSFSKFFTUT'), (' 07328   ', 'WWVELFSBRXMORNH')]]",2.39 , 906.09
A0232321Y,"SELECT per.empid, per.lname
FROM employee per
WHERE per.empid <> ALL (
    SELECT pay.empid
	FROM payroll pay
	WHERE pay.salary <> 189170)
ORDER BY per.empid, per.lname;","[[(' 02883   ', 'YFXUNCRKRJRKCRJ'), (' 03315   ', 'LTQIQGUWBHRMDPN'), (' 04572   ', 'AIBRIQSFSKFFTUT'), (' 07328   ', 'WWVELFSBRXMORNH')]]",1.93 , 5392.68
A0232322X (LATE),"SELECT DISTINCT per.empid, per.lname
FROM employee per, payroll pay
WHERE per.empid IN(
	SELECT pay.empid 
	FROM payroll pay
	WHERE pay.salary = 189170)
ORDER BY per.empid, per.lname;","[[(' 02883   ', 'YFXUNCRKRJRKCRJ'), (' 03315   ', 'LTQIQGUWBHRMDPN'), (' 04572   ', 'AIBRIQSFSKFFTUT'), (' 07328   ', 'WWVELFSBRXMORNH')]]",3.10 , 26.15
sample,"SELECT per.empid, per.lname 
FROM employee per, payroll pay 
WHERE per.empid=pay.empid AND pay.salary<=189170
INTERSECT
SELECT per.empid, per.lname 
FROM employee per, payroll pay 
WHERE per.empid=pay.empid AND pay.salary>=189170;","[[(' 04572   ', 'AIBRIQSFSKFFTUT'), (' 02883   ', 'YFXUNCRKRJRKCRJ'), (' 07328   ', 'WWVELFSBRXMORNH'), (' 03315   ', 'LTQIQGUWBHRMDPN')]]",2.59 , 13.86
sample(2),"SELECT per.empid, per.lname 
FROM employee per, payroll pay 
WHERE per.empid=pay.empid AND pay.salary<=189170
EXCEPT
SELECT per.empid, per.lname 
FROM employee per, payroll pay 
WHERE per.empid=pay.empid AND pay.salary<189170;","[[(' 04572   ', 'AIBRIQSFSKFFTUT'), (' 02883   ', 'YFXUNCRKRJRKCRJ'), (' 07328   ', 'WWVELFSBRXMORNH'), (' 03315   ', 'LTQIQGUWBHRMDPN')]]",2.56 , 20.92
